,name,createdAt,updatedAt,price,billingPackage,change,billingType,number_of_email,number_of_month,storage_string,storage,description,number_of_user,url_image,regular_price,description_fr,ACL,objectId,__type,className,operatingSystems,ram_string,bandwith_string,ram,bandwith,operatingSystemType,number_of_website,number_of_database,extra,number_of_contact,signup_form,image_storage,handling,warrantly,number_of_subdomain,number_domain,cpu_string,cpu,features,type,features_fr,number_ongoing_meeting,number_attendees_per_meeting,number_of_meetings,enable_schedule,max_meeting_duration,is_entry_price,crossed_price,sent_invitation_email,enable_branding
0,Basic Messaging,2018-07-06T11:10:45.214Z,2020-05-18T10:47:49.894Z,5.99,"{'__type': 'Pointer', 'className': 'BillingPackage', 'objectId': 'KebmybdPts'}",EUR,"{'__type': 'Pointer', 'className': 'BillingType', 'objectId': 'UynyzGHXur'}",1.0,1,10GB,10,Self-employed and small businesses,20,img/basic-email.png,9.48 ,Auto-employé (freelancer) et Petite entreprise,{'*': {'read': True}},WjktZykAAK,Object,ServicePrice,,,,,,,,,,,,,,,,,,,,,,,,,,,,,,
1,Pro Messaging,2018-07-06T11:47:45.655Z,2020-05-18T10:53:17.586Z,9.99,"{'__type': 'Pointer', 'className': 'BillingPackage', 'objectId': 'RCQcuAEcAY'}",EUR,"{'__type': 'Pointer', 'className': 'BillingType', 'objectId': 'UynyzGHXur'}",10.0,1,50GB+,50,Startup and Medium Business,100,img/professional-email.png,18.48,"Start up et moyenne entreprise
",{'*': {'read': True}},sfyzd6MaZH,Object,ServicePrice,,,,,,,,,,,,,,,,,,,,,,,,,,,,,,
2,Enterprise Messaging,2018-07-06T11:50:37.360Z,2020-05-18T11:10:41.247Z,29.85,"{'__type': 'Pointer', 'className': 'BillingPackage', 'objectId': 'gnRlR0IY6Q'}",EUR,"{'__type': 'Pointer', 'className': 'BillingType', 'objectId': 'UynyzGHXur'}",50.0,1,unlimited,500,Large Business,unlimited,img/enterprise-email.png,49.48,Grand Business,{'*': {'read': True}},PSR5ArS7Z8,Object,ServicePrice,,,,,,,,,,,,,,,,,,,,,,,,,,,,,,
3,VPS Price ,2018-07-12T19:37:04.754Z,2019-12-13T17:41:58.581Z,29.99,"{'__type': 'Pointer', 'className': 'BillingPackage', 'objectId': 'KebmybdPts'}",EUR,"{'__type': 'Pointer', 'className': 'BillingType', 'objectId': 'UynyzGHXur'}",0.0,1,,40,,,,,,{'*': {'read': True}},prBlW9GMpA,Object,ServicePrice,"[{'__type': 'Pointer', 'className': 'OperatingSystem', 'objectId': 'Hbk70QBnlJ'}, {'__type': 'Pointer', 'className': 'OperatingSystem', 'objectId': 'lmmabPZMql'}, {'__type': 'Pointer', 'className': 'OperatingSystem', 'objectId': 'IxJtPd84eD'}, {'__type': 'Pointer', 'className': 'OperatingSystem', 'objectId': 'hw9mrGNdYq'}, {'__type': 'Pointer', 'className': 'OperatingSystem', 'objectId': 'R63niZMvvY'}, {'__type': 'Pointer', 'className': 'OperatingSystem', 'objectId': 'yGTgCVbEyD'}, {'__type': 'Pointer', 'className': 'OperatingSystem', 'objectId': 'HSaUwHsBp0'}, {'__type': 'Pointer', 'className': 'OperatingSystem', 'objectId': 'RGqHEdScVQ'}, {'__type': 'Pointer', 'className': 'OperatingSystem', 'objectId': '7suhaWYRED'}]",1,unlimited,1,unlimited,"{'__type': 'Pointer', 'className': 'OperatingSystemType', 'objectId': 'FhRL0bonhy'}",,,,,,,,,,,,,,,,,,,,,,,,
4,VPS Price 1,2018-07-12T19:41:47.678Z,2019-12-11T08:04:13.517Z,39.99,"{'__type': 'Pointer', 'className': 'BillingPackage', 'objectId': 'RCQcuAEcAY'}",EUR,"{'__type': 'Pointer', 'className': 'BillingType', 'objectId': 'UynyzGHXur'}",,1,,60,,,,,,{'*': {'read': True}},CuYOUoKqX0,Object,ServicePrice,"[{'__type': 'Pointer', 'className': 'OperatingSystem', 'objectId': 'Hbk70QBnlJ'}, {'__type': 'Pointer', 'className': 'OperatingSystem', 'objectId': 'lmmabPZMql'}, {'__type': 'Pointer', 'className': 'OperatingSystem', 'objectId': 'IxJtPd84eD'}, {'__type': 'Pointer', 'className': 'OperatingSystem', 'objectId': 'hw9mrGNdYq'}, {'__type': 'Pointer', 'className': 'OperatingSystem', 'objectId': 'R63niZMvvY'}, {'__type': 'Pointer', 'className': 'OperatingSystem', 'objectId': 'yGTgCVbEyD'}, {'__type': 'Pointer', 'className': 'OperatingSystem', 'objectId': 'HSaUwHsBp0'}, {'__type': 'Pointer', 'className': 'OperatingSystem', 'objectId': 'RGqHEdScVQ'}, {'__type': 'Pointer', 'className': 'OperatingSystem', 'objectId': '7suhaWYRED'}]",2,unlimited,2,unlimited,"{'__type': 'Pointer', 'className': 'OperatingSystemType', 'objectId': 'FhRL0bonhy'}",,,,,,,,,,,,,,,,,,,,,,,,
5,VPS Price 2,2018-07-12T19:42:54.262Z,2019-10-21T13:32:46.221Z,49.99,"{'__type': 'Pointer', 'className': 'BillingPackage', 'objectId': 'gnRlR0IY6Q'}",EUR,"{'__type': 'Pointer', 'className': 'BillingType', 'objectId': 'UynyzGHXur'}",,1,,90,,,,,,{'*': {'read': True}},0eSSww5jud,Object,ServicePrice,"[{'__type': 'Pointer', 'className': 'OperatingSystem', 'objectId': 'Hbk70QBnlJ'}, {'__type': 'Pointer', 'className': 'OperatingSystem', 'objectId': 'lmmabPZMql'}, {'__type': 'Pointer', 'className': 'OperatingSystem', 'objectId': 'IxJtPd84eD'}, {'__type': 'Pointer', 'className': 'OperatingSystem', 'objectId': 'hw9mrGNdYq'}, {'__type': 'Pointer', 'className': 'OperatingSystem', 'objectId': 'R63niZMvvY'}, {'__type': 'Pointer', 'className': 'OperatingSystem', 'objectId': 'yGTgCVbEyD'}, {'__type': 'Pointer', 'className': 'OperatingSystem', 'objectId': 'HSaUwHsBp0'}, {'__type': 'Pointer', 'className': 'OperatingSystem', 'objectId': 'RGqHEdScVQ'}, {'__type': 'Pointer', 'className': 'OperatingSystem', 'objectId': '7suhaWYRED'}]",3,unlimited,3,unlimited,"{'__type': 'Pointer', 'className': 'OperatingSystemType', 'objectId': 'FhRL0bonhy'}",,,,,,,,,,,,,,,,,,,,,,,,
6,VPS Price 3,2018-07-12T19:44:19.631Z,2019-10-21T13:33:02.732Z,69.99,"{'__type': 'Pointer', 'className': 'BillingPackage', 'objectId': 'w0u0CIhaaQ'}",EUR,"{'__type': 'Pointer', 'className': 'BillingType', 'objectId': 'UynyzGHXur'}",,1,,120,,,,,,{'*': {'read': True}},yMmOf4BECB,Object,ServicePrice,"[{'__type': 'Pointer', 'className': 'OperatingSystem', 'objectId': 'Hbk70QBnlJ'}, {'__type': 'Pointer', 'className': 'OperatingSystem', 'objectId': 'lmmabPZMql'}, {'__type': 'Pointer', 'className': 'OperatingSystem', 'objectId': 'IxJtPd84eD'}, {'__type': 'Pointer', 'className': 'OperatingSystem', 'objectId': 'hw9mrGNdYq'}, {'__type': 'Pointer', 'className': 'OperatingSystem', 'objectId': 'R63niZMvvY'}, {'__type': 'Pointer', 'className': 'OperatingSystem', 'objectId': 'yGTgCVbEyD'}, {'__type': 'Pointer', 'className': 'OperatingSystem', 'objectId': 'HSaUwHsBp0'}, {'__type': 'Pointer', 'className': 'OperatingSystem', 'objectId': 'RGqHEdScVQ'}, {'__type': 'Pointer', 'className': 'OperatingSystem', 'objectId': '7suhaWYRED'}]",4,unlimited,4,unlimited,"{'__type': 'Pointer', 'className': 'OperatingSystemType', 'objectId': 'FhRL0bonhy'}",,,,,,,,,,,,,,,,,,,,,,,,
7,VPS Price 4,2018-07-12T19:45:40.961Z,2019-10-21T13:32:53.615Z,139.99,"{'__type': 'Pointer', 'className': 'BillingPackage', 'objectId': 'w0u0CIhaaQ'}",EUR,"{'__type': 'Pointer', 'className': 'BillingType', 'objectId': 'UynyzGHXur'}",,1,,240,,,,,,{'*': {'read': True}},NC4zcAO1dF,Object,ServicePrice,"[{'__type': 'Pointer', 'className': 'OperatingSystem', 'objectId': 'Hbk70QBnlJ'}, {'__type': 'Pointer', 'className': 'OperatingSystem', 'objectId': 'lmmabPZMql'}, {'__type': 'Pointer', 'className': 'OperatingSystem', 'objectId': 'IxJtPd84eD'}, {'__type': 'Pointer', 'className': 'OperatingSystem', 'objectId': 'hw9mrGNdYq'}, {'__type': 'Pointer', 'className': 'OperatingSystem', 'objectId': 'R63niZMvvY'}, {'__type': 'Pointer', 'className': 'OperatingSystem', 'objectId': 'yGTgCVbEyD'}, {'__type': 'Pointer', 'className': 'OperatingSystem', 'objectId': 'HSaUwHsBp0'}, {'__type': 'Pointer', 'className': 'OperatingSystem', 'objectId': 'RGqHEdScVQ'}, {'__type': 'Pointer', 'className': 'OperatingSystem', 'objectId': '7suhaWYRED'}]",8,unlimited,8,unlimited,"{'__type': 'Pointer', 'className': 'OperatingSystemType', 'objectId': 'FhRL0bonhy'}",,,,,,,,,,,,,,,,,,,,,,,,
8,VPS Price 5,2018-07-12T19:46:56.721Z,2019-10-21T13:33:08.938Z,39.99,"{'__type': 'Pointer', 'className': 'BillingPackage', 'objectId': 'KebmybdPts'}",EUR,"{'__type': 'Pointer', 'className': 'BillingType', 'objectId': 'UynyzGHXur'}",,1,,40,,,,,,{'*': {'read': True}},WKSzPp4S6g,Object,ServicePrice,"[{'__type': 'Pointer', 'className': 'OperatingSystem', 'objectId': 'vU2xL6vEQq'}, {'__type': 'Pointer', 'className': 'OperatingSystem', 'objectId': 'Rar4fPlAUM'}, {'__type': 'Pointer', 'className': 'OperatingSystem', 'objectId': 'wTd04FKuwW'}, {'__type': 'Pointer', 'className': 'OperatingSystem', 'objectId': 'PusBi18MCB'}]",2,unlimited,2,unlimited,"{'__type': 'Pointer', 'className': 'OperatingSystemType', 'objectId': 'AzfimD16BL'}",,,,,,,,,,,,,,,,,,,,,,,,
9,VPS Price 6,2018-07-12T19:48:14.258Z,2019-10-21T13:32:50.246Z,49.99,"{'__type': 'Pointer', 'className': 'BillingPackage', 'objectId': 'RCQcuAEcAY'}",EUR,"{'__type': 'Pointer', 'className': 'BillingType', 'objectId': 'UynyzGHXur'}",,1,,60,,,,,,{'*': {'read': True}},6HiEeL2Xtq,Object,ServicePrice,"[{'__type': 'Pointer', 'className': 'OperatingSystem', 'objectId': 'vU2xL6vEQq'}, {'__type': 'Pointer', 'className': 'OperatingSystem', 'objectId': 'Rar4fPlAUM'}, {'__type': 'Pointer', 'className': 'OperatingSystem', 'objectId': 'wTd04FKuwW'}, {'__type': 'Pointer', 'className': 'OperatingSystem', 'objectId': 'PusBi18MCB'}]",2,unlimited,2,unlimited,"{'__type': 'Pointer', 'className': 'OperatingSystemType', 'objectId': 'AzfimD16BL'}",,,,,,,,,,,,,,,,,,,,,,,,
10,VPS Price 7,2018-07-12T19:49:29.883Z,2019-10-21T13:33:14.571Z,59.99,"{'__type': 'Pointer', 'className': 'BillingPackage', 'objectId': 'w0u0CIhaaQ'}",EUR,"{'__type': 'Pointer', 'className': 'BillingType', 'objectId': 'UynyzGHXur'}",,1,,90,,,,,,{'*': {'read': True}},HmPOol0jxA,Object,ServicePrice,"[{'__type': 'Pointer', 'className': 'OperatingSystem', 'objectId': 'vU2xL6vEQq'}, {'__type': 'Pointer', 'className': 'OperatingSystem', 'objectId': 'Rar4fPlAUM'}, {'__type': 'Pointer', 'className': 'OperatingSystem', 'objectId': 'wTd04FKuwW'}, {'__type': 'Pointer', 'className': 'OperatingSystem', 'objectId': 'PusBi18MCB'}]",3,unlimited,3,unlimited,"{'__type': 'Pointer', 'className': 'OperatingSystemType', 'objectId': 'AzfimD16BL'}",,,,,,,,,,,,,,,,,,,,,,,,
11,VPS Price 8,2018-07-12T19:56:00.158Z,2019-10-21T13:33:25.288Z,79.99,"{'__type': 'Pointer', 'className': 'BillingPackage', 'objectId': 'w0u0CIhaaQ'}",EUR,"{'__type': 'Pointer', 'className': 'BillingType', 'objectId': 'UynyzGHXur'}",,1,,120,,,,,,{'*': {'read': True}},J1Sm39Ebvr,Object,ServicePrice,"[{'__type': 'Pointer', 'className': 'OperatingSystem', 'objectId': 'vU2xL6vEQq'}, {'__type': 'Pointer', 'className': 'OperatingSystem', 'objectId': 'Rar4fPlAUM'}, {'__type': 'Pointer', 'className': 'OperatingSystem', 'objectId': 'wTd04FKuwW'}, {'__type': 'Pointer', 'className': 'OperatingSystem', 'objectId': 'PusBi18MCB'}]",4,unlimited,4,unlimited,"{'__type': 'Pointer', 'className': 'OperatingSystemType', 'objectId': 'AzfimD16BL'}",,,,,,,,,,,,,,,,,,,,,,,,
12,VPS Price 9,2018-07-12T19:57:39.233Z,2019-10-21T13:33:21.613Z,149.99,"{'__type': 'Pointer', 'className': 'BillingPackage', 'objectId': 'gnRlR0IY6Q'}",EUR,"{'__type': 'Pointer', 'className': 'BillingType', 'objectId': 'UynyzGHXur'}",,1,,240,,,,,,{'*': {'read': True}},BiCG5iNmna,Object,ServicePrice,"[{'__type': 'Pointer', 'className': 'OperatingSystem', 'objectId': 'vU2xL6vEQq'}, {'__type': 'Pointer', 'className': 'OperatingSystem', 'objectId': 'Rar4fPlAUM'}, {'__type': 'Pointer', 'className': 'OperatingSystem', 'objectId': 'wTd04FKuwW'}, {'__type': 'Pointer', 'className': 'OperatingSystem', 'objectId': 'PusBi18MCB'}]",8,unlimited,8,unlimited,"{'__type': 'Pointer', 'className': 'OperatingSystemType', 'objectId': 'AzfimD16BL'}",,,,,,,,,,,,,,,,,,,,,,,,
13,Deluxe,2018-07-13T02:16:44.123Z,2019-10-21T15:14:23.721Z,131.88,"{'__type': 'Pointer', 'className': 'BillingPackage', 'objectId': 'gnRlR0IY6Q'}",EUR,"{'__type': 'Pointer', 'className': 'BillingType', 'objectId': 'UynyzGHXur'}",500.0,3,,,,,,,,{'*': {'read': True}},NpDYSrBtS8,Object,ServicePrice,,,,,,,0.1,25.0,,,,,,,,,,,,,,,,,,,,,,
14,Deluxe,2018-07-13T02:16:44.286Z,2019-10-21T15:14:28.379Z,263.76,"{'__type': 'Pointer', 'className': 'BillingPackage', 'objectId': 'gnRlR0IY6Q'}",EUR,"{'__type': 'Pointer', 'className': 'BillingType', 'objectId': 'UynyzGHXur'}",500.0,9,,,,,,,,{'*': {'read': True}},8OBgGc2xrz,Object,ServicePrice,,,,,,,0.1,25.0,,,,,,,,,,,,,,,,,,,,,,
15,Deluxe,2018-07-13T02:16:44.454Z,2019-10-21T15:14:31.816Z,395.64,"{'__type': 'Pointer', 'className': 'BillingPackage', 'objectId': 'gnRlR0IY6Q'}",EUR,"{'__type': 'Pointer', 'className': 'BillingType', 'objectId': 'UynyzGHXur'}",500.0,6,,,,,,,,{'*': {'read': True}},J5haTlrIAq,Object,ServicePrice,,,,,,,0.1,25.0,,,,,,,,,,,,,,,,,,,,,,
16,Deluxe,2018-07-13T02:16:44.618Z,2019-10-21T15:14:35.487Z,10.99,"{'__type': 'Pointer', 'className': 'BillingPackage', 'objectId': 'gnRlR0IY6Q'}",EUR,"{'__type': 'Pointer', 'className': 'BillingType', 'objectId': 'UynyzGHXur'}",500.0,3,,,,,,,,{'*': {'read': True}},YSvTEIa5RQ,Object,ServicePrice,,,,,,,0.1,25.0,,,,,,,,,,,,,,,,,,,,,,
17,Beginner,2018-07-13T07:49:48.730Z,2019-12-07T13:16:05.276Z,7.99,"{'__type': 'Pointer', 'className': 'BillingPackage', 'objectId': 'KebmybdPts'}",EUR,"{'__type': 'Pointer', 'className': 'BillingType', 'objectId': 'UynyzGHXur'}",5000.0,1,,,For anyone just getting started with email marketing.,,,,,{'*': {'read': True}},TPHW5C7jf0,Object,ServicePrice,,,,,,,,,"['Works with Facebook, Etsy & More']",500.0,Single,Basic,Unsubscribe,,,,,,,,,,,,,,,,,
18,Up & Running,2018-07-13T07:49:48.932Z,2019-10-21T14:53:20.159Z,11.99,"{'__type': 'Pointer', 'className': 'BillingPackage', 'objectId': 'RCQcuAEcAY'}",EUR,"{'__type': 'Pointer', 'className': 'BillingType', 'objectId': 'UynyzGHXur'}",25000.0,1,,,Already have clients? This plan’s for you.,,,,,{'*': {'read': True}},koNgxKUPO6,Object,ServicePrice,,,,,,,,,"['Works with Facebook, Etsy & More', 'Automated Welcome Email', 'Converts Blog Posts to Email', 'Unsubscribe Options', 'Hot Leads List']",2500.0,0.1,0.1,0.1,,,,,,,,,,,,,,,,,
19,Pro,2018-07-13T07:49:49.105Z,2019-12-07T13:16:29.036Z,23.99,"{'__type': 'Pointer', 'className': 'BillingPackage', 'objectId': 'gnRlR0IY6Q'}",EUR,"{'__type': 'Pointer', 'className': 'BillingType', 'objectId': 'UynyzGHXur'}",50000.0,1,,,For savvy marketers with growing mailing lists.,,,,,{'*': {'read': True}},j2PnNXey1m,Object,ServicePrice,,,,,,,,,"['Works with Facebook, Etsy & More', 'Automated Welcome Email', 'Converts Blog Posts to Email', 'Unsubscribe Options', 'Hot Leads List', 'Auto-sends Event Emails', 'Automated Email Campaigns', 'Record Signup IPs', 'Share Statistics w/Others']",5000.0,0.1,0.1,0.1,,,,,,,,,,,,,,,,,
20,Standard SSL,2018-07-13T16:22:30.343Z,2019-10-21T14:53:38.202Z,64.99,"{'__type': 'Pointer', 'className': 'BillingPackage', 'objectId': 'RCQcuAEcAY'}",EUR,"{'__type': 'Pointer', 'className': 'BillingType', 'objectId': 'UynyzGHXur'}",,12,,,Verifies your domain control & secures your site.,,,,,{'*': {'read': True}},7wMgClbVFv,Object,ServicePrice,,,,,,,,,"['Domain validated', 'Issued within minutes']",,,,,100000.0,0.2,1.0,,,,,,,,,,,,,,
21,Standard SSL,2018-07-13T16:22:30.521Z,2019-10-21T14:53:23.677Z,129.98,"{'__type': 'Pointer', 'className': 'BillingPackage', 'objectId': 'RCQcuAEcAY'}",EUR,"{'__type': 'Pointer', 'className': 'BillingType', 'objectId': 'UynyzGHXur'}",,24,,,Verifies your domain control & secures your site.,,,,,{'*': {'read': True}},6KcY3aepXm,Object,ServicePrice,,,,,,,,,"['Domain validated', 'Issued within minutes']",,,,,100000.0,0.2,1.0,,,,,,,,,,,,,,
22,Standard SSL,2018-07-13T16:22:30.701Z,2019-10-21T14:53:34.992Z,299.99,"{'__type': 'Pointer', 'className': 'BillingPackage', 'objectId': 'RCQcuAEcAY'}",EUR,"{'__type': 'Pointer', 'className': 'BillingType', 'objectId': 'UynyzGHXur'}",,12,,,Verifies your domain control & secures your site.,,,,,{'*': {'read': True}},KhwnCxmIAY,Object,ServicePrice,,,,,,,,,"['Domain validated', 'Issued within minutes']",,,,,100000.0,0.1,1.0,,,,,,,,,,,,,,
23,Standard SSL,2018-07-13T16:22:30.884Z,2019-10-21T14:53:31.137Z,599.98,"{'__type': 'Pointer', 'className': 'BillingPackage', 'objectId': 'RCQcuAEcAY'}",EUR,"{'__type': 'Pointer', 'className': 'BillingType', 'objectId': 'UynyzGHXur'}",,24,,,Verifies your domain control & secures your site.,,,,,{'*': {'read': True}},64113sv769,Object,ServicePrice,,,,,,,,,"['Domain validated', 'Issued within minutes']",,,,,100000.0,0.1,1.0,,,,,,,,,,,,,,
24,Standard SSL,2018-07-13T16:22:31.051Z,2019-10-21T14:53:45.432Z,89.99,"{'__type': 'Pointer', 'className': 'BillingPackage', 'objectId': 'RCQcuAEcAY'}",EUR,"{'__type': 'Pointer', 'className': 'BillingType', 'objectId': 'UynyzGHXur'}",,12,,,Verifies your domain control & secures your site.,,,,,{'*': {'read': True}},ChUkRUSaMz,Object,ServicePrice,,,,,,,,,"['Domain validated', 'Issued within minutes']",,,,,100000.0,0.2,5.0,,,,,,,,,,,,,,
25,Standard SSL,2018-07-13T16:22:31.236Z,2019-10-21T14:53:57.596Z,179.98,"{'__type': 'Pointer', 'className': 'BillingPackage', 'objectId': 'RCQcuAEcAY'}",EUR,"{'__type': 'Pointer', 'className': 'BillingType', 'objectId': 'UynyzGHXur'}",,24,,,Verifies your domain control & secures your site.,,,,,{'*': {'read': True}},eQ52JrL48l,Object,ServicePrice,,,,,,,,,"['Domain validated', 'Issued within minutes']",,,,,100000.0,0.2,5.0,,,,,,,,,,,,,,
26,Standard SSL,2018-07-13T16:22:31.403Z,2019-10-21T14:53:54.019Z,169.99,"{'__type': 'Pointer', 'className': 'BillingPackage', 'objectId': 'RCQcuAEcAY'}",EUR,"{'__type': 'Pointer', 'className': 'BillingType', 'objectId': 'UynyzGHXur'}",,12,,,Verifies your domain control & secures your site.,,,,,{'*': {'read': True}},X8FxLOm0hQ,Object,ServicePrice,,,,,,,,,"['Domain validated', 'Issued within minutes']",,,,,100000.0,0.2,10.0,,,,,,,,,,,,,,
27,Standard SSL,2018-07-13T16:22:31.574Z,2019-10-21T15:07:42.221Z,339.98,"{'__type': 'Pointer', 'className': 'BillingPackage', 'objectId': 'RCQcuAEcAY'}",EUR,"{'__type': 'Pointer', 'className': 'BillingType', 'objectId': 'UynyzGHXur'}",,24,,,Verifies your domain control & secures your site.,,,,,{'*': {'read': True}},ybRJZG2d7Y,Object,ServicePrice,,,,,,,,,"['Domain validated', 'Issued within minutes']",,,,,100000.0,0.2,10.0,,,,,,,,,,,,,,
28,Standard SSL,2018-07-13T16:22:31.745Z,2019-10-21T14:53:49.971Z,249.99,"{'__type': 'Pointer', 'className': 'BillingPackage', 'objectId': 'RCQcuAEcAY'}",EUR,"{'__type': 'Pointer', 'className': 'BillingType', 'objectId': 'UynyzGHXur'}",,12,,,Verifies your domain control & secures your site.,,,,,{'*': {'read': True}},477MFyfDE0,Object,ServicePrice,,,,,,,,,"['Domain validated', 'Issued within minutes']",,,,,100000.0,0.2,15.0,,,,,,,,,,,,,,
29,Standard SSL,2018-07-13T16:22:31.913Z,2019-10-21T14:56:19.277Z,499.98,"{'__type': 'Pointer', 'className': 'BillingPackage', 'objectId': 'RCQcuAEcAY'}",EUR,"{'__type': 'Pointer', 'className': 'BillingType', 'objectId': 'UynyzGHXur'}",,24,,,Verifies your domain control & secures your site.,,,,,{'*': {'read': True}},v45SSmGMPh,Object,ServicePrice,,,,,,,,,"['Domain validated', 'Issued within minutes']",,,,,100000.0,0.2,15.0,,,,,,,,,,,,,,
30,Standard SSL,2018-07-13T16:22:32.086Z,2019-10-21T14:56:25.463Z,329.99,"{'__type': 'Pointer', 'className': 'BillingPackage', 'objectId': 'RCQcuAEcAY'}",EUR,"{'__type': 'Pointer', 'className': 'BillingType', 'objectId': 'UynyzGHXur'}",,12,,,Verifies your domain control & secures your site.,,,,,{'*': {'read': True}},3AcVWfiNVP,Object,ServicePrice,,,,,,,,,"['Domain validated', 'Issued within minutes']",,,,,100000.0,0.2,20.0,,,,,,,,,,,,,,
31,Standard SSL,2018-07-13T16:22:32.266Z,2019-10-21T15:07:48.893Z,659.98,"{'__type': 'Pointer', 'className': 'BillingPackage', 'objectId': 'RCQcuAEcAY'}",EUR,"{'__type': 'Pointer', 'className': 'BillingType', 'objectId': 'UynyzGHXur'}",,24,,,Verifies your domain control & secures your site.,,,,,{'*': {'read': True}},w0UAWUnRzb,Object,ServicePrice,,,,,,,,,"['Domain validated', 'Issued within minutes']",,,,,100000.0,0.2,20.0,,,,,,,,,,,,,,
32,Standard SSL,2018-07-13T16:22:32.443Z,2019-10-21T15:08:04.982Z,469.99,"{'__type': 'Pointer', 'className': 'BillingPackage', 'objectId': 'RCQcuAEcAY'}",EUR,"{'__type': 'Pointer', 'className': 'BillingType', 'objectId': 'UynyzGHXur'}",,12,,,Verifies your domain control & secures your site.,,,,,{'*': {'read': True}},x5yPT8XlqL,Object,ServicePrice,,,,,,,,,"['Domain validated', 'Issued within minutes']",,,,,100000.0,0.2,30.0,,,,,,,,,,,,,,
33,Standard SSL,2018-07-13T16:22:32.617Z,2019-10-21T15:08:13.571Z,939.98,"{'__type': 'Pointer', 'className': 'BillingPackage', 'objectId': 'RCQcuAEcAY'}",EUR,"{'__type': 'Pointer', 'className': 'BillingType', 'objectId': 'UynyzGHXur'}",,24,,,Verifies your domain control & secures your site.,,,,,{'*': {'read': True}},sixXPFvKb0,Object,ServicePrice,,,,,,,,,"['Domain validated', 'Issued within minutes']",,,,,100000.0,0.2,30.0,,,,,,,,,,,,,,
34,Standard SSL,2018-07-13T16:22:32.789Z,2019-10-21T15:08:18.040Z,609.99,"{'__type': 'Pointer', 'className': 'BillingPackage', 'objectId': 'RCQcuAEcAY'}",EUR,"{'__type': 'Pointer', 'className': 'BillingType', 'objectId': 'UynyzGHXur'}",,12,,,Verifies your domain control & secures your site.,,,,,{'*': {'read': True}},zgVyBN2Ugc,Object,ServicePrice,,,,,,,,,"['Domain validated', 'Issued within minutes']",,,,,100000.0,0.2,40.0,,,,,,,,,,,,,,
35,Standard SSL,2018-07-13T16:22:33.091Z,2019-10-21T15:08:31.942Z,1219.98,"{'__type': 'Pointer', 'className': 'BillingPackage', 'objectId': 'RCQcuAEcAY'}",EUR,"{'__type': 'Pointer', 'className': 'BillingType', 'objectId': 'UynyzGHXur'}",,24,,,Verifies your domain control & secures your site.,,,,,{'*': {'read': True}},TQT1EUYJsF,Object,ServicePrice,,,,,,,,,"['Domain validated', 'Issued within minutes']",,,,,100000.0,0.2,40.0,,,,,,,,,,,,,,
36,Standard SSL,2018-07-13T16:22:33.258Z,2019-10-21T15:08:27.960Z,749.99,"{'__type': 'Pointer', 'className': 'BillingPackage', 'objectId': 'RCQcuAEcAY'}",EUR,"{'__type': 'Pointer', 'className': 'BillingType', 'objectId': 'UynyzGHXur'}",,12,,,Verifies your domain control & secures your site.,,,,,{'*': {'read': True}},4HZ3YHDlx9,Object,ServicePrice,,,,,,,,,"['Domain validated', 'Issued within minutes']",,,,,100000.0,0.2,50.0,,,,,,,,,,,,,,
37,Standard SSL,2018-07-13T16:22:33.430Z,2019-10-21T15:08:25.389Z,1499.98,"{'__type': 'Pointer', 'className': 'BillingPackage', 'objectId': 'RCQcuAEcAY'}",EUR,"{'__type': 'Pointer', 'className': 'BillingType', 'objectId': 'UynyzGHXur'}",,24,,,Verifies your domain control & secures your site.,,,,,{'*': {'read': True}},4V77wicl0p,Object,ServicePrice,,,,,,,,,"['Domain validated', 'Issued within minutes']",,,,,100000.0,0.2,50.0,,,,,,,,,,,,,,
38,Standard SSL,2018-07-13T16:22:33.603Z,2019-10-21T15:08:21.123Z,1499.99,"{'__type': 'Pointer', 'className': 'BillingPackage', 'objectId': 'RCQcuAEcAY'}",EUR,"{'__type': 'Pointer', 'className': 'BillingType', 'objectId': 'UynyzGHXur'}",,12,,,Verifies your domain control & secures your site.,,,,,{'*': {'read': True}},48IAI2NnDc,Object,ServicePrice,,,,,,,,,"['Domain validated', 'Issued within minutes']",,,,,100000.0,0.2,100.0,,,,,,,,,,,,,,
39,Standard SSL,2018-07-13T16:22:33.784Z,2019-10-21T15:09:09.742Z,2999.98,"{'__type': 'Pointer', 'className': 'BillingPackage', 'objectId': 'RCQcuAEcAY'}",EUR,"{'__type': 'Pointer', 'className': 'BillingType', 'objectId': 'UynyzGHXur'}",,24,,,Verifies your domain control & secures your site.,,,,,{'*': {'read': True}},e8heff4SGk,Object,ServicePrice,,,,,,,,,"['Domain validated', 'Issued within minutes']",,,,,100000.0,0.2,100.0,,,,,,,,,,,,,,
40,Deluxe SSL,2018-07-13T16:22:33.968Z,2019-10-21T15:09:04.865Z,99.99,"{'__type': 'Pointer', 'className': 'BillingPackage', 'objectId': 'RCQcuAEcAY'}",EUR,"{'__type': 'Pointer', 'className': 'BillingType', 'objectId': 'UynyzGHXur'}",,12,,,High assurance verifies your domain & company.,,,,,{'*': {'read': True}},VxbUmvcBCI,Object,ServicePrice,,,,,,,,,"['Domain and company validated', 'Supports Intel vPro® technology to securely manage remote PCs.']",,,,,250000.0,0.2,1.0,,,,,,,,,,,,,,
41,Deluxe SSL,2018-07-13T16:22:34.140Z,2019-10-21T15:08:57.505Z,199.98,"{'__type': 'Pointer', 'className': 'BillingPackage', 'objectId': 'RCQcuAEcAY'}",EUR,"{'__type': 'Pointer', 'className': 'BillingType', 'objectId': 'UynyzGHXur'}",,24,,,High assurance verifies your domain & company.,,,,,{'*': {'read': True}},0JdXHTANBl,Object,ServicePrice,,,,,,,,,"['Domain and company validated', 'Supports Intel vPro® technology to securely manage remote PCs.']",,,,,250000.0,0.2,1.0,,,,,,,,,,,,,,
42,Deluxe SSL,2018-07-13T16:22:34.325Z,2019-10-21T15:08:53.301Z,399.99,"{'__type': 'Pointer', 'className': 'BillingPackage', 'objectId': 'RCQcuAEcAY'}",EUR,"{'__type': 'Pointer', 'className': 'BillingType', 'objectId': 'UynyzGHXur'}",,12,,,High assurance verifies your domain & company.,,,,,{'*': {'read': True}},YXdAt2spLD,Object,ServicePrice,,,,,,,,,"['Domain validated', 'Issued within minutes']",,,,,250000.0,0.1,1.0,,,,,,,,,,,,,,
43,Deluxe SSL,2018-07-13T16:22:34.499Z,2019-10-21T15:08:49.961Z,799.98,"{'__type': 'Pointer', 'className': 'BillingPackage', 'objectId': 'RCQcuAEcAY'}",EUR,"{'__type': 'Pointer', 'className': 'BillingType', 'objectId': 'UynyzGHXur'}",,24,,,High assurance verifies your domain & company.,,,,,{'*': {'read': True}},aFhajvqKqJ,Object,ServicePrice,,,,,,,,,"['Domain and company validated', 'Supports Intel vPro® technology to securely manage remote PCs.']",,,,,250000.0,0.1,1.0,,,,,,,,,,,,,,
44,Deluxe SSL,2018-07-13T16:22:34.671Z,2019-10-21T15:08:47.493Z,249.99,"{'__type': 'Pointer', 'className': 'BillingPackage', 'objectId': 'RCQcuAEcAY'}",EUR,"{'__type': 'Pointer', 'className': 'BillingType', 'objectId': 'UynyzGHXur'}",,12,,,High assurance verifies your domain & company.,,,,,{'*': {'read': True}},bZOgG4jx2S,Object,ServicePrice,,,,,,,,,"['Domain and company validated', 'Supports Intel vPro® technology to securely manage remote PCs.']",,,,,250000.0,0.2,5.0,,,,,,,,,,,,,,
45,Deluxe SSL,2018-07-13T16:22:34.843Z,2019-10-21T15:08:43.622Z,499.98,"{'__type': 'Pointer', 'className': 'BillingPackage', 'objectId': 'RCQcuAEcAY'}",EUR,"{'__type': 'Pointer', 'className': 'BillingType', 'objectId': 'UynyzGHXur'}",,24,,,High assurance verifies your domain & company.,,,,,{'*': {'read': True}},aBp1oAbkg1,Object,ServicePrice,,,,,,,,,"['Domain and company validated', 'Supports Intel vPro® technology to securely manage remote PCs.']",,,,,250000.0,0.2,5.0,,,,,,,,,,,,,,
46,Deluxe SSL,2018-07-13T16:22:35.017Z,2019-10-21T15:08:39.407Z,399.99,"{'__type': 'Pointer', 'className': 'BillingPackage', 'objectId': 'RCQcuAEcAY'}",EUR,"{'__type': 'Pointer', 'className': 'BillingType', 'objectId': 'UynyzGHXur'}",,12,,,High assurance verifies your domain & company.,,,,,{'*': {'read': True}},26Fih8xVaf,Object,ServicePrice,,,,,,,,,"['Domain and company validated', 'Supports Intel vPro® technology to securely manage remote PCs.']",,,,,250000.0,0.2,10.0,,,,,,,,,,,,,,
47,Deluxe SSL,2018-07-13T16:22:35.199Z,2019-10-21T15:08:36.611Z,799.98,"{'__type': 'Pointer', 'className': 'BillingPackage', 'objectId': 'RCQcuAEcAY'}",EUR,"{'__type': 'Pointer', 'className': 'BillingType', 'objectId': 'UynyzGHXur'}",,24,,,High assurance verifies your domain & company.,,,,,{'*': {'read': True}},J8muFeW3zc,Object,ServicePrice,,,,,,,,,"['Domain and company validated', 'Supports Intel vPro® technology to securely manage remote PCs.']",,,,,250000.0,0.2,10.0,,,,,,,,,,,,,,
48,Deluxe SSL,2018-07-13T16:22:35.367Z,2019-10-21T15:12:42.128Z,549.99,"{'__type': 'Pointer', 'className': 'BillingPackage', 'objectId': 'RCQcuAEcAY'}",EUR,"{'__type': 'Pointer', 'className': 'BillingType', 'objectId': 'UynyzGHXur'}",,12,,,High assurance verifies your domain & company.,,,,,{'*': {'read': True}},EeHIB1lZt2,Object,ServicePrice,,,,,,,,,"['Domain and company validated', 'Supports Intel vPro® technology to securely manage remote PCs.']",,,,,250000.0,0.2,15.0,,,,,,,,,,,,,,
49,Deluxe SSL,2018-07-13T16:22:35.535Z,2019-10-21T15:12:39.197Z,1099.98,"{'__type': 'Pointer', 'className': 'BillingPackage', 'objectId': 'RCQcuAEcAY'}",EUR,"{'__type': 'Pointer', 'className': 'BillingType', 'objectId': 'UynyzGHXur'}",,24,,,High assurance verifies your domain & company.,,,,,{'*': {'read': True}},pqiPU5Nmno,Object,ServicePrice,,,,,,,,,"['Domain and company validated', 'Supports Intel vPro® technology to securely manage remote PCs.']",,,,,250000.0,0.2,15.0,,,,,,,,,,,,,,
50,Standard SSL,2018-07-13T16:22:35.717Z,2019-10-21T15:12:36.492Z,699.99,"{'__type': 'Pointer', 'className': 'BillingPackage', 'objectId': 'RCQcuAEcAY'}",EUR,"{'__type': 'Pointer', 'className': 'BillingType', 'objectId': 'UynyzGHXur'}",,12,,,Verifies your domain control & secures your site.,,,,,{'*': {'read': True}},CEzqW1KZCy,Object,ServicePrice,,,,,,,,,"['Domain and company validated', 'Supports Intel vPro® technology to securely manage remote PCs.']",,,,,250000.0,0.2,20.0,,,,,,,,,,,,,,
51,Deluxe SSL,2018-07-13T16:22:35.891Z,2019-10-21T15:12:33.638Z,1399.98,"{'__type': 'Pointer', 'className': 'BillingPackage', 'objectId': 'RCQcuAEcAY'}",EUR,"{'__type': 'Pointer', 'className': 'BillingType', 'objectId': 'UynyzGHXur'}",,24,,,High assurance verifies your domain & company.,,,,,{'*': {'read': True}},6hVSzfLsCs,Object,ServicePrice,,,,,,,,,"['Domain and company validated', 'Supports Intel vPro® technology to securely manage remote PCs.']",,,,,250000.0,0.2,20.0,,,,,,,,,,,,,,
52,Deluxe SSL,2018-07-13T16:22:36.071Z,2019-10-21T15:12:29.609Z,999.99,"{'__type': 'Pointer', 'className': 'BillingPackage', 'objectId': 'RCQcuAEcAY'}",EUR,"{'__type': 'Pointer', 'className': 'BillingType', 'objectId': 'UynyzGHXur'}",,12,,,High assurance verifies your domain & company.,,,,,{'*': {'read': True}},Zt39MjuudZ,Object,ServicePrice,,,,,,,,,"['Domain and company validated', 'Supports Intel vPro® technology to securely manage remote PCs.']",,,,,250000.0,0.2,30.0,,,,,,,,,,,,,,
53,Deluxe SSL,2018-07-13T16:22:36.239Z,2019-10-21T15:12:25.693Z,1999.98,"{'__type': 'Pointer', 'className': 'BillingPackage', 'objectId': 'RCQcuAEcAY'}",EUR,"{'__type': 'Pointer', 'className': 'BillingType', 'objectId': 'UynyzGHXur'}",,24,,,High assurance verifies your domain & company.,,,,,{'*': {'read': True}},eqJXgsrB3G,Object,ServicePrice,,,,,,,,,"['Domain and company validated', 'Supports Intel vPro® technology to securely manage remote PCs.']",,,,,250000.0,0.2,30.0,,,,,,,,,,,,,,
54,Deluxe SSL,2018-07-13T16:22:36.407Z,2019-10-21T15:12:21.449Z,1299.99,"{'__type': 'Pointer', 'className': 'BillingPackage', 'objectId': 'RCQcuAEcAY'}",EUR,"{'__type': 'Pointer', 'className': 'BillingType', 'objectId': 'UynyzGHXur'}",,12,,,High assurance verifies your domain & company.,,,,,{'*': {'read': True}},jfEn9xyWy6,Object,ServicePrice,,,,,,,,,"['Domain validated', 'Issued within minutes']",,,,,250000.0,0.2,40.0,,,,,,,,,,,,,,
55,Standard SSL,2018-07-13T16:22:36.595Z,2019-10-21T15:12:16.835Z,2599.98,"{'__type': 'Pointer', 'className': 'BillingPackage', 'objectId': 'RCQcuAEcAY'}",EUR,"{'__type': 'Pointer', 'className': 'BillingType', 'objectId': 'UynyzGHXur'}",,24,,,Verifies your domain control & secures your site.,,,,,{'*': {'read': True}},jMaHWeW8vX,Object,ServicePrice,,,,,,,,,"['Domain and company validated', 'Supports Intel vPro® technology to securely manage remote PCs.']",,,,,250000.0,0.2,40.0,,,,,,,,,,,,,,
56,Standard SSL,2018-07-13T16:22:36.771Z,2019-10-21T15:12:13.451Z,1599.99,"{'__type': 'Pointer', 'className': 'BillingPackage', 'objectId': 'RCQcuAEcAY'}",EUR,"{'__type': 'Pointer', 'className': 'BillingType', 'objectId': 'UynyzGHXur'}",,12,,,Verifies your domain control & secures your site.,,,,,{'*': {'read': True}},INAAQQmqA1,Object,ServicePrice,,,,,,,,,"['Domain and company validated', 'Supports Intel vPro® technology to securely manage remote PCs.']",,,,,250000.0,0.2,50.0,,,,,,,,,,,,,,
57,Standard SSL,2018-07-13T16:22:36.943Z,2019-10-21T15:12:10.939Z,3199.98,"{'__type': 'Pointer', 'className': 'BillingPackage', 'objectId': 'RCQcuAEcAY'}",EUR,"{'__type': 'Pointer', 'className': 'BillingType', 'objectId': 'UynyzGHXur'}",,24,,,Verifies your domain control & secures your site.,,,,,{'*': {'read': True}},eFWvFSafej,Object,ServicePrice,,,,,,,,,"['Domain and company validated', 'Supports Intel vPro® technology to securely manage remote PCs.']",,,,,250000.0,0.2,50.0,,,,,,,,,,,,,,
58,Standard SSL,2018-07-13T16:22:37.123Z,2019-10-21T15:12:06.357Z,3099.99,"{'__type': 'Pointer', 'className': 'BillingPackage', 'objectId': 'RCQcuAEcAY'}",EUR,"{'__type': 'Pointer', 'className': 'BillingType', 'objectId': 'UynyzGHXur'}",,12,,,Verifies your domain control & secures your site.,,,,,{'*': {'read': True}},RcL6PyZnby,Object,ServicePrice,,,,,,,,,"['Domain and company validated', 'Supports Intel vPro® technology to securely manage remote PCs.']",,,,,250000.0,0.2,100.0,,,,,,,,,,,,,,
59,Standard SSL,2018-07-13T16:22:37.307Z,2019-10-21T15:12:02.857Z,6199.98,"{'__type': 'Pointer', 'className': 'BillingPackage', 'objectId': 'RCQcuAEcAY'}",EUR,"{'__type': 'Pointer', 'className': 'BillingType', 'objectId': 'UynyzGHXur'}",,24,,,Verifies your domain control & secures your site.,,,,,{'*': {'read': True}},0glGXCQhtt,Object,ServicePrice,,,,,,,,,"['Domain and company validated', 'Supports Intel vPro® technology to securely manage remote PCs.']",,,,,250000.0,0.2,100.0,,,,,,,,,,,,,,
60,App Free,2018-09-03T09:33:40.845Z,2019-07-22T16:19:00.659Z,0.0,"{'__type': 'Pointer', 'className': 'BillingPackage', 'objectId': 'KebmybdPts'}",EUR,"{'__type': 'Pointer', 'className': 'BillingType', 'objectId': 'UynyzGHXur'}",,free,10GB,10Gi,,,,,,{'*': {'read': True}},niCzqvNs2p,Object,ServicePrice,,2GB,10Mb,2G,10Mb,,,,,,,,,,,,Up to 1c/2t,1,,,,,,,,,,,,
61,app enterprise,2018-09-06T09:15:31.389Z,2018-12-08T12:51:32.238Z,,"{'__type': 'Pointer', 'className': 'BillingPackage', 'objectId': 'w0u0CIhaaQ'}",EUR,"{'__type': 'Pointer', 'className': 'BillingType', 'objectId': 'UynyzGHXur'}",,enterprise,contact us for,,,,,,,{'*': {'read': True}},kqjeGDDnok,Object,ServicePrice,,contact us for,contact us for,,,,,,,,,,,,,,contact us,,,,,,,,,,,,,
62,Plesk Starter,2018-09-06T13:04:08.498Z,2019-10-21T15:11:58.829Z,1.49,"{'__type': 'Pointer', 'className': 'BillingPackage', 'objectId': 'RCQcuAEcAY'}",EUR,"{'__type': 'Pointer', 'className': 'BillingType', 'objectId': 'UynyzGHXur'}",,1,,,Host a single website.,,,,,{'*': {'read': True}},02sSDCbD7A,Object,ServicePrice,,,,,,,,,,,,,,,,,,,"['1 website', '30 GB storage', 'Unmetered bandwidth*', '1 MySQL database (1GB)']",Plesk,,,,,,,,,,
63,Plesk Economy,2018-09-06T13:04:08.687Z,2019-10-21T15:11:53.562Z,5.99,"{'__type': 'Pointer', 'className': 'BillingPackage', 'objectId': 'RCQcuAEcAY'}",EUR,"{'__type': 'Pointer', 'className': 'BillingType', 'objectId': 'UynyzGHXur'}",,1,,,Best price for a basic site.,,,,,{'*': {'read': True}},ycsazXME3w,Object,ServicePrice,,,,,,,,,,,,,,,,,,,"['1 website', '100 GB space', 'Unmetered bandwidth*', '110 MySQL databases (1GB each)', '1 MSSQL database (200MB)', '50 FTP users']",Plesk,,,,,,,,,,
64,Plesk Deluxe,2018-09-06T13:04:08.869Z,2019-10-21T15:13:42.992Z,8.99,"{'__type': 'Pointer', 'className': 'BillingPackage', 'objectId': 'RCQcuAEcAY'}",EUR,"{'__type': 'Pointer', 'className': 'BillingType', 'objectId': 'UynyzGHXur'}",,1,,,A great home for your multiple sites.,,,,,{'*': {'read': True}},65KgxHFKgi,Object,ServicePrice,,,,,,,,,,,,,,,,,,,"['Unlimited websites', 'Unmetered storage', 'Unmetered bandwidth*', '25 MySQL databases (1GB each)', '2 MSSQL databases (200MB each)', '50 FTP users']",Plesk,,,,,,,,,,
65,Plesk Ultimate,2018-09-06T13:04:09.077Z,2020-05-18T11:55:05.909Z,14.99,"{'__type': 'Pointer', 'className': 'BillingPackage', 'objectId': 'RCQcuAEcAY'}",EUR,"{'__type': 'Pointer', 'className': 'BillingType', 'objectId': 'UynyzGHXur'}",,1,,,Handles the most traffic and complex sites.,,,,,{'*': {'read': True}},NjQgmt6BxJ,Object,ServicePrice,,,,,,,,,,,,,,,,,,,"['Unlimited websites', 'Unmetered storage', 'Unmetered bandwidth*', 'Unlimited MySQL databases (1GB each)', 'Unlimited MSSQL databases (200MB each)', 'Unlimited FTP users']",Plesk,['Une base de donnée MYSQL illimité d 1GB chacune'],,,,,,,,,
66,Website BuilderBasic 1 month,2018-09-06T13:06:04.379Z,2020-05-16T11:46:00.698Z,4.39,"{'__type': 'Pointer', 'className': 'BillingPackage', 'objectId': 'KebmybdPts'}",EUR,"{'__type': 'Pointer', 'className': 'BillingType', 'objectId': 'UynyzGHXur'}",,1,,,Perfect for personal websites.,,,,,{'*': {'read': True}},ycJ7ruwPlB,Object,ServicePrice,,,,,,,,,,,,,,,,,,,"[""A simple site that's fast and easy to create"", '300 Business & Personal Themes', 'Unlimited Pages']",Builder,"['Un site Web simpliste, rapide et facile à créer', 'Comprend :', '300 thèmes professionnels / personnels', 'Pages Web illimitées']",,,,,,,,,
67,WWebsite Builder standart 1 month,2018-09-06T13:06:04.614Z,2020-05-16T11:41:15.494Z,7.73,"{'__type': 'Pointer', 'className': 'BillingPackage', 'objectId': 'RCQcuAEcAY'}",EUR,"{'__type': 'Pointer', 'className': 'BillingType', 'objectId': 'UynyzGHXur'}",,1,,,Ideal for small businesses.,,,,,{'*': {'read': True}},vINpoWIVta,Object,ServicePrice,,,,,,,,,,,,,,,,,,,"['Adds business designs, more resources and a mobile site.', '300 Business & Personal Themes', 'Unlimited Pages', 'Mobile Site']",Builder,"['Comprend :', '300 thèmes professionnels / personnels', 'Pages Web illimitées', 'Site mobile']",,,,,,,,,
68,Website Builder Business 1 month,2018-09-06T13:06:04.846Z,2020-05-16T11:49:25.879Z,11.07,"{'__type': 'Pointer', 'className': 'BillingPackage', 'objectId': 'gnRlR0IY6Q'}",EUR,"{'__type': 'Pointer', 'className': 'BillingType', 'objectId': 'UynyzGHXur'}",,1,,,For your growing business needs.,,,,,{'*': {'read': True}},bwQQqQW2zx,Object,ServicePrice,,,,,,,,,,,,,,,,,,,"['Adds business designs, more resources and a mobile site.', '300 Business & Personal Themes', 'Unlimited Pages', 'Mobile Site', 'Search Engine Optimization', 'One-Click Social Media Manager']",Builder,"['Comprend :', '300 thèmes professionnels / personnels', 'Pages Web illimitées', 'Site mobile', 'SEO', 'Gestionnaire de médias sociaux en un clic']",,,,,,,,,
69,cPanel Starter,2018-09-06T13:11:46.670Z,2019-12-06T14:44:55.840Z,1.49,"{'__type': 'Pointer', 'className': 'BillingPackage', 'objectId': 'KebmybdPts'}",EUR,"{'__type': 'Pointer', 'className': 'BillingType', 'objectId': 'UynyzGHXur'}",,1,,,"cPanel Hosting thatâ€™s easy, reliable and lightning-fast.",,,,,{'*': {'read': True}},BVDg0Gi66n,Object,ServicePrice,,,,,,,,,,,,,,,,,,,"['1 website', '30 GB storage', 'Unmetered bandwidth*']",Cpanel,,,,,,,,,,
70,cPanel Economy,2018-09-06T13:11:46.847Z,2019-10-21T15:13:23.663Z,5.99,"{'__type': 'Pointer', 'className': 'BillingPackage', 'objectId': 'RCQcuAEcAY'}",EUR,"{'__type': 'Pointer', 'className': 'BillingType', 'objectId': 'UynyzGHXur'}",,1,,,"cPanel Hosting thatâ€™s easy, reliable and lightning-fast.",,,,,{'*': {'read': True}},QLMBx2ADng,Object,ServicePrice,,,,,,,,,,,,,,,,,,,"['1 website', '100 GB space', 'Unlimited bandwidth**', '100 email accounts**', '10 MySQL databases (1 GB ea.)']",Cpanel,,,,,,,,,,
71,cPanel Deluxe,2018-09-06T13:11:47.039Z,2019-12-06T14:45:17.946Z,8.99,"{'__type': 'Pointer', 'className': 'BillingPackage', 'objectId': 'gnRlR0IY6Q'}",EUR,"{'__type': 'Pointer', 'className': 'BillingType', 'objectId': 'UynyzGHXur'}",,1,,,"cPanel Hosting thatâ€™s easy, reliable and lightning-fast.",,,,,{'*': {'read': True}},4CvP0yfUs3,Object,ServicePrice,,,,,,,,,,,,,,,,,,,"['Unlimited websites', 'Unlimited space', 'Unlimited bandwidth*', '500 email accounts**', '25 MySQL databases (1 GB ea.)']",Cpanel,,,,,,,,,,
72,cPanel Ultimate,2018-09-06T13:11:47.220Z,2019-10-21T15:13:16.726Z,14.99,"{'__type': 'Pointer', 'className': 'BillingPackage', 'objectId': 'w0u0CIhaaQ'}",EUR,"{'__type': 'Pointer', 'className': 'BillingType', 'objectId': 'UynyzGHXur'}",,1,,,"cPanel Hosting thatâ€™s easy, reliable and lightning-fast.",,,,,{'*': {'read': True}},ouR8CIJpqo,Object,ServicePrice,,,,,,,,,,,,,,,,,,,"['Unlimited websites', 'Unlimited space', 'Unlimited bandwidth*', '1000 email accounts**', 'Unlimited MySQL databases (1 GB ea.)', '2X Processing power & memory ']",Cpanel,,,,,,,,,,
73,Plesk Starter,2018-09-06T13:11:47.419Z,2019-10-21T15:13:14.315Z,1.49,"{'__type': 'Pointer', 'className': 'BillingPackage', 'objectId': 'KebmybdPts'}",EUR,"{'__type': 'Pointer', 'className': 'BillingType', 'objectId': 'UynyzGHXur'}",,1,,,Host a single website.,,,,,{'*': {'read': True}},AoObhfWp7G,Object,ServicePrice,,,,,,,,,,,,,,,,,,,"['1 website', '30 GB storage', 'Unmetered bandwidth*', '1 MySQL database (1GB)']",Plesk,,,,,,,,,,
74,Plesk Economy,2018-09-06T13:11:47.599Z,2019-10-21T15:13:09.472Z,5.99,"{'__type': 'Pointer', 'className': 'BillingPackage', 'objectId': 'RCQcuAEcAY'}",EUR,"{'__type': 'Pointer', 'className': 'BillingType', 'objectId': 'UynyzGHXur'}",,1,,,Best price for a basic site.,,,,,{'*': {'read': True}},k6Gva2LQwP,Object,ServicePrice,,,,,,,,,,,,,,,,,,,"['1 website', '100 GB space', 'Unmetered bandwidth*', '110 MySQL databases (1GB each)', '1 MSSQL database (200MB)', '50 FTP users']",Plesk,,,,,,,,,,
75,Plesk Deluxe,2018-09-06T13:11:47.781Z,2019-10-21T15:13:06.625Z,8.99,"{'__type': 'Pointer', 'className': 'BillingPackage', 'objectId': 'gnRlR0IY6Q'}",EUR,"{'__type': 'Pointer', 'className': 'BillingType', 'objectId': 'UynyzGHXur'}",,1,,,A great home for your multiple sites.,,,,,{'*': {'read': True}},MLS7Va5IIw,Object,ServicePrice,,,,,,,,,,,,,,,,,,,"['Unlimited websites', 'Unmetered storage', 'Unmetered bandwidth*', '25 MySQL databases (1GB each)', '2 MSSQL databases (200MB each)', '50 FTP users']",Plesk,,,,,,,,,,
76,Plesk Ultimate,2018-09-06T13:11:47.976Z,2020-05-18T11:55:01.784Z,14.99,"{'__type': 'Pointer', 'className': 'BillingPackage', 'objectId': 'w0u0CIhaaQ'}",EUR,"{'__type': 'Pointer', 'className': 'BillingType', 'objectId': 'UynyzGHXur'}",,1,,,Handles the most traffic and complex sites.,,,,,{'*': {'read': True}},dzusOvhlab,Object,ServicePrice,,,,,,,,,,,,,,,,,,,"['Unlimited websites', 'Unmetered storage', 'Unmetered bandwidth*', 'Unlimited MySQL databases (1GB each)', 'Unlimited MSSQL databases (200MB each)', 'Unlimited FTP users']",Plesk,['Une base de donnée MYSQL illimité d 1GB chacune'],,,,,,,,,
77,ERP business 12 mois,2018-09-13T09:10:08.448Z,2018-09-25T17:24:51.902Z,594.0,"{'__type': 'Pointer', 'className': 'BillingPackage', 'objectId': 'gnRlR0IY6Q'}",EUR,"{'__type': 'Pointer', 'className': 'BillingType', 'objectId': 'UynyzGHXur'}",,12,2TB,1900Gi,,,,,,{'*': {'read': True}},4Q1ZU3K9JG,Object,ServicePrice,,16GB,200Mbps,16G,200Mbps,,,,,,,,,,,,Up to 4c/8t - Up to 3.1GHz,4,,,,,,,,,,,,
78,ERP standard 12 mois,2018-09-13T09:14:39.194Z,2018-09-25T17:24:42.123Z,359.76,"{'__type': 'Pointer', 'className': 'BillingPackage', 'objectId': 'RCQcuAEcAY'}",EUR,"{'__type': 'Pointer', 'className': 'BillingType', 'objectId': 'UynyzGHXur'}",,12,1TB,900Gi,,,,,,{'*': {'read': True}},S7143GMweM,Object,ServicePrice,,8GB,100Mps,8G,100Mps,,,,,,,,,,,,Up to 2c/4t - Up to 2.1 GHz,2,,,,,,,,,,,,
79,ERP standard 1 mois,2018-05-17T16:09:53.029Z,2018-09-25T17:25:54.172Z,34.99,"{'__type': 'Pointer', 'className': 'BillingPackage', 'objectId': 'RCQcuAEcAY'}",EUR,"{'__type': 'Pointer', 'className': 'BillingType', 'objectId': 'UynyzGHXur'}",,1,1TB,900Gi,,,,,,{'*': {'read': True}},2VuPFFFfEW,Object,ServicePrice,,8GB,100Mps,8G,100Mps,,,,,,,,,,,,Up to 2c/4t - Up to 2.1 GHz,2,,,,,,,,,,,,
80,ERP Business 1 mois,2018-05-17T16:09:53.049Z,2018-09-25T17:25:48.963Z,54.99,"{'__type': 'Pointer', 'className': 'BillingPackage', 'objectId': 'gnRlR0IY6Q'}",EUR,"{'__type': 'Pointer', 'className': 'BillingType', 'objectId': 'UynyzGHXur'}",,1,2TB,1900Gi,,,,,,{'*': {'read': True}},9ZSLOxD6Qe,Object,ServicePrice,,16GB,200Mbps,16G,200Mbps,,,,,,,,,,,,Up to 4c/8t - Up to 3.1GHz,4,,,,,,,,,,,,
81,ERP standard 3 mois,2018-05-17T16:09:53.093Z,2018-09-25T17:25:44.090Z,133.96,"{'__type': 'Pointer', 'className': 'BillingPackage', 'objectId': 'RCQcuAEcAY'}",EUR,"{'__type': 'Pointer', 'className': 'BillingType', 'objectId': 'UynyzGHXur'}",,4,1TB,1Ti,,,,,,{'*': {'read': True}},Goh1jQ3AIG,Object,ServicePrice,,8GB,100Mps,8G,100Mps,,,,,,,,,,,,Up to 2c/4t - Up to 2.1 GHz,2,,,,,,,,,,,,
82,ERP Business 4 mois,2018-05-17T16:09:53.112Z,2018-09-25T17:25:38.442Z,213.96,"{'__type': 'Pointer', 'className': 'BillingPackage', 'objectId': 'gnRlR0IY6Q'}",EUR,"{'__type': 'Pointer', 'className': 'BillingType', 'objectId': 'UynyzGHXur'}",,4,2TB,1900Gi,,,,,,{'*': {'read': True}},kiCubqkRdZ,Object,ServicePrice,,16GB,200Mbps,16G,200Mbps,,,,,,,,,,,,Up to 4c/8t - Up to 3.1GHz,4,,,,,,,,,,,,
83,ERP standard 6 mois,2018-05-17T16:09:53.156Z,2018-09-25T17:25:33.042Z,197.88,"{'__type': 'Pointer', 'className': 'BillingPackage', 'objectId': 'RCQcuAEcAY'}",EUR,"{'__type': 'Pointer', 'className': 'BillingType', 'objectId': 'UynyzGHXur'}",,6,1TB,900Gi,,,,,,{'*': {'read': True}},SA0Ae3Z8mt,Object,ServicePrice,,8GB,100Mps,8G,100Mps,,,,,,,,,,,,Up to 2c/4t - Up to 2.1 GHz,2,,,,,,,,,,,,
84,ERP business 6 mois,2018-05-17T16:09:53.174Z,2018-09-25T17:25:25.141Z,317.88,"{'__type': 'Pointer', 'className': 'BillingPackage', 'objectId': 'gnRlR0IY6Q'}",EUR,"{'__type': 'Pointer', 'className': 'BillingType', 'objectId': 'UynyzGHXur'}",,6,2TB,1900Gi,,,,,,{'*': {'read': True}},SMdv6WUGrX,Object,ServicePrice,,16GB,200Mbps,16G,200Mbps,,,,,,,,,,,,Up to 4c/8t - Up to 3.1GHz,4,,,,,,,,,,,,
85,Basic Messaging,2018-09-24T08:35:16.095Z,2020-05-18T10:48:27.118Z,53.98,"{'__type': 'Pointer', 'className': 'BillingPackage', 'objectId': 'KebmybdPts'}",EUR,"{'__type': 'Pointer', 'className': 'BillingType', 'objectId': 'UynyzGHXur'}",1.0,12,10GB,10,Self-employed and small businesses,20,img/basic-email.png,9.48 ,Auto-employé (freelancer) et Petite entreprise,{'*': {'read': True}},8A66JCdhEe,Object,ServicePrice,,,,,,,,,,,,,,,,,,,,,,,,,,,,,,
86,Pro Messaging,2018-09-24T08:40:00.424Z,2020-05-18T10:53:13.387Z,100.2,"{'__type': 'Pointer', 'className': 'BillingPackage', 'objectId': 'RCQcuAEcAY'}",EUR,"{'__type': 'Pointer', 'className': 'BillingType', 'objectId': 'UynyzGHXur'}",10.0,12,50GB+,50,Startup and Medium Business,100,img/professional-email.png,18.48,"Start up et moyenne entreprise
",{'*': {'read': True}},nGbrubsiS5,Object,ServicePrice,,,,,,,,,,,,,,,,,,,,,,,,,,,,,,
87,Enterprise Messaging,2018-09-24T08:41:26.499Z,2020-05-18T11:10:35.187Z,298.2,"{'__type': 'Pointer', 'className': 'BillingPackage', 'objectId': 'gnRlR0IY6Q'}",EUR,"{'__type': 'Pointer', 'className': 'BillingType', 'objectId': 'UynyzGHXur'}",50.0,12,unlimited,500,Large Business,unlimited,img/enterprise-email.png,49.48,Grand Business,{'*': {'read': True}},wleiqSglb9,Object,ServicePrice,,,,,,,,,,,,,,,,,,,,,,,,,,,,,,
88,CMS standard 1 mois,2018-09-25T16:41:13.353Z,2018-09-25T17:08:20.718Z,14.99,"{'__type': 'Pointer', 'className': 'BillingPackage', 'objectId': 'RCQcuAEcAY'}",EUR,"{'__type': 'Pointer', 'className': 'BillingType', 'objectId': 'UynyzGHXur'}",,1,100GB,100Gi,,,,,,{'*': {'read': True}},WyRlkmAw6G,Object,ServicePrice,,8GB,100Mps,8G,100Mps,,,,,,,,,,,,Up to 2c/4t - Up to 2.1 GHz,2,,,,,,,,,,,,
89,CMS standard 4 mois,2018-09-25T16:48:18.492Z,2018-09-25T17:08:17.180Z,51.8,"{'__type': 'Pointer', 'className': 'BillingPackage', 'objectId': 'RCQcuAEcAY'}",EUR,"{'__type': 'Pointer', 'className': 'BillingType', 'objectId': 'UynyzGHXur'}",,4,100GB,100Gi,,,,,,{'*': {'read': True}},SykQsRCcZr,Object,ServicePrice,,8GB,100Mps,8G,100Mps,,,,,,,,,,,,Up to 2c/4t - Up to 2.1 GHz,2,,,,,,,,,,,,
90,CMS standard 6 mois,2018-09-25T16:55:32.366Z,2018-09-25T17:08:14.021Z,68.94,"{'__type': 'Pointer', 'className': 'BillingPackage', 'objectId': 'RCQcuAEcAY'}",EUR,"{'__type': 'Pointer', 'className': 'BillingType', 'objectId': 'UynyzGHXur'}",,6,100GB,100Gi,,,,,,{'*': {'read': True}},7XmSL7PCvS,Object,ServicePrice,,8GB,100Mps,8G,100Mps,,,,,,,,,,,,Up to 2c/4t - Up to 2.1 GHz,2,,,,,,,,,,,,
91,CMS standard 12 mois,2018-09-25T16:58:45.476Z,2018-09-25T17:30:59.329Z,119.76,"{'__type': 'Pointer', 'className': 'BillingPackage', 'objectId': 'RCQcuAEcAY'}",EUR,"{'__type': 'Pointer', 'className': 'BillingType', 'objectId': 'UynyzGHXur'}",,12,100GB,100Gi,,,,,,{'*': {'read': True}},Gyn4DtR4zW,Object,ServicePrice,,8GB,100Mps,8G,100Mps,,,,,,,,,,,,Up to 2c/4t - Up to 2.1 GHz,2,,,,,,,,,,,,
92,cms business 1 mois,2018-09-25T17:02:48.658Z,2018-09-25T17:13:31.536Z,19.99,"{'__type': 'Pointer', 'className': 'BillingPackage', 'objectId': 'gnRlR0IY6Q'}",EUR,"{'__type': 'Pointer', 'className': 'BillingType', 'objectId': 'UynyzGHXur'}",,1,200GB,200Gi,,,,,,{'*': {'read': True}},ouCAcAFddE,Object,ServicePrice,,16GB,200Mbps,16G,200Mbps,,,,,,,,,,,,Up to 4c/8t - Up to 3.1GHz,4,,,,,,,,,,,,
93,cms business 4 mois,2018-09-25T17:08:47.650Z,2018-09-25T17:42:02.650Z,67.84,"{'__type': 'Pointer', 'className': 'BillingPackage', 'objectId': 'gnRlR0IY6Q'}",EUR,"{'__type': 'Pointer', 'className': 'BillingType', 'objectId': 'UynyzGHXur'}",0.0,4,200GB,200Gi,,,,,,{'*': {'read': True}},JBHAIK5ehS,Object,ServicePrice,,16GB,200Mbps,16G,200Mbps,,,,,,,,,,,,Up to 4c/8t - Up to 3.1GHz,4,,,,,,,,,,,,
94,cms business 6 mois,2018-09-25T17:16:01.649Z,2019-07-22T15:11:03.827Z,83.88,"{'__type': 'Pointer', 'className': 'BillingPackage', 'objectId': 'gnRlR0IY6Q'}",EUR,"{'__type': 'Pointer', 'className': 'BillingType', 'objectId': 'UynyzGHXur'}",0.0,6,200GB,200Gi,,,,,,{'*': {'read': True}},6zWR9BSb9p,Object,ServicePrice,,16GB,200Mbps,16G,200Mbps,,,,,,,,,,,,Up to 4c/8t - Up to 3.1GHz,4,,,,,,,,,,,,
95,cms business 12 mois,2018-09-25T17:20:46.373Z,2018-09-25T17:34:28.288Z,139.08,"{'__type': 'Pointer', 'className': 'BillingPackage', 'objectId': 'gnRlR0IY6Q'}",EUR,"{'__type': 'Pointer', 'className': 'BillingType', 'objectId': 'UynyzGHXur'}",,12,200GB,200Gi,,,,,,{'*': {'read': True}},Dz5hgZZ3pf,Object,ServicePrice,,16GB,200Mbps,16G,200Mbps,,,,,,,,,,,,Up to 4c/8t - Up to 3.1GHz,4,,,,,,,,,,,,
96,App default standard 1 mois,2018-09-25T17:29:43.752Z,2018-09-25T18:18:07.702Z,15.99,"{'__type': 'Pointer', 'className': 'BillingPackage', 'objectId': 'RCQcuAEcAY'}",EUR,"{'__type': 'Pointer', 'className': 'BillingType', 'objectId': 'UynyzGHXur'}",,1,100GB,100Gi,,,,,,{'*': {'read': True}},eLfTyU6YoH,Object,ServicePrice,,8GB,100Mps,8G,100Mps,,,,,,,,,,,,Up to 2c/4t - Up to 2.1 GHz,2,,,,,,,,,,,,
97,App default standard 4 mois,2018-09-25T17:32:55.402Z,2018-09-25T17:37:23.179Z,59.8,"{'__type': 'Pointer', 'className': 'BillingPackage', 'objectId': 'RCQcuAEcAY'}",EUR,"{'__type': 'Pointer', 'className': 'BillingType', 'objectId': 'UynyzGHXur'}",,4,100GB,100Gi,,,,,,{'*': {'read': True}},udbz7SmUsG,Object,ServicePrice,,8GB,100Mps,8G,100Mps,,,,,,,,,,,,Up to 2c/4t - Up to 2.1 GHz,2,,,,,,,,,,,,
98,App default standard 6 mois,2018-09-25T17:35:21.953Z,2018-09-25T17:39:38.809Z,74.94,"{'__type': 'Pointer', 'className': 'BillingPackage', 'objectId': 'RCQcuAEcAY'}",EUR,"{'__type': 'Pointer', 'className': 'BillingType', 'objectId': 'UynyzGHXur'}",,6,100GB,100Gi,,,,,,{'*': {'read': True}},cBoebS59tL,Object,ServicePrice,,8GB,100Mps,8G,100Mps,,,,,,,,,,,,Up to 2c/4t - Up to 2.1 GHz,2,,,,,,,,,,,,
99,App default standard 12 mois,2018-09-25T17:38:05.326Z,2018-09-25T18:17:38.358Z,119.76,"{'__type': 'Pointer', 'className': 'BillingPackage', 'objectId': 'RCQcuAEcAY'}",EUR,"{'__type': 'Pointer', 'className': 'BillingType', 'objectId': 'UynyzGHXur'}",,12,100GB,100Gi,,,,,,{'*': {'read': True}},RalFGbWgKA,Object,ServicePrice,,8GB,100Mps,8G,100GB,,,,,,,,,,,,Up to 2c/4t - Up to 2.1 GHz,2,,,,,,,,,,,,
100,App default business 1 mois,2018-09-25T17:41:19.976Z,2018-09-25T17:45:20.326Z,25.99,"{'__type': 'Pointer', 'className': 'BillingPackage', 'objectId': 'gnRlR0IY6Q'}",EUR,"{'__type': 'Pointer', 'className': 'BillingType', 'objectId': 'UynyzGHXur'}",,1,200GB,200Gi,,,,,,{'*': {'read': True}},FqgJXfPgJM,Object,ServicePrice,,16GB,200Mbps,16G,200Mbps,,,,,,,,,,,,Up to 4c/8t - Up to 3.1GHz,4,,,,,,,,,,,,
101,App default business 4 mois,2018-09-25T17:43:39.049Z,2018-09-25T17:47:28.872Z,99.84,"{'__type': 'Pointer', 'className': 'BillingPackage', 'objectId': 'gnRlR0IY6Q'}",EUR,"{'__type': 'Pointer', 'className': 'BillingType', 'objectId': 'UynyzGHXur'}",,4,200GB,200Gi,,,,,,{'*': {'read': True}},TWLBcv7ctf,Object,ServicePrice,,16GB,200Mbps,16G,200Mbps,,,,,,,,,,,,Up to 4c/8t - Up to 3.1GHz,4,,,,,,,,,,,,
102,App default business 6 mois,2018-09-25T17:46:06.725Z,2018-09-25T17:49:46.341Z,131.88,"{'__type': 'Pointer', 'className': 'BillingPackage', 'objectId': 'gnRlR0IY6Q'}",EUR,"{'__type': 'Pointer', 'className': 'BillingType', 'objectId': 'UynyzGHXur'}",,6,200GB,200Gi,,,,,,{'*': {'read': True}},lZofvMsPdC,Object,ServicePrice,,16GB,200Mbps,16G,200Mbps,,,,,,,,,,,,Up to 4c/8t - Up to 3.1GHz,4,,,,,,,,,,,,
103,App default business 12 mois,2018-09-25T17:48:09.870Z,2018-09-25T18:26:13.889Z,235.08,"{'__type': 'Pointer', 'className': 'BillingPackage', 'objectId': 'gnRlR0IY6Q'}",EUR,"{'__type': 'Pointer', 'className': 'BillingType', 'objectId': 'UynyzGHXur'}",,12,200GB,200Gi,,,,,,{'*': {'read': True}},sOFOJ7KmAH,Object,ServicePrice,,16GB,200Mbps,16G,200Mbps,,,,,,,,,,,,Up to 4c/8t - Up to 3.1GHz,4,,,,,,,,,,,,
104,ISP Config,2018-12-11T16:58:29.636Z,2020-05-29T14:09:05.364Z,8.99,"{'__type': 'Pointer', 'className': 'BillingPackage', 'objectId': 'w0u0CIhaaQ'}",EUR,"{'__type': 'Pointer', 'className': 'BillingType', 'objectId': 'UynyzGHXur'}",5.0,12,500GB,500Gi,Hosting With Open source Solution,,,,,{'*': {'read': True}},a3KPbXcH3B,Object,ServicePrice,,,,,,,2.0,,,,,,,,,,,,"['Unlimited websites', 'Unmetered storage', 'Unmetered bandwidth*', 'Unlimited MySQL databases (1GB each)', 'Unlimited MSSQL databases (200MB each)', 'Unlimited FTP users']",ISPConfig,['Une base de donnée MYSQL illimité d 1GB chacune'],,,,,,,,,
105,ISP Config,2018-12-11T17:05:00.742Z,2020-12-08T16:36:21.452Z,8.99,"{'__type': 'Pointer', 'className': 'BillingPackage', 'objectId': 'w0u0CIhaaQ'}",EUR,"{'__type': 'Pointer', 'className': 'BillingType', 'objectId': 'UynyzGHXur'}",,6,,,Hosting With Open source Solution,,,,,{'*': {'read': True}},U1Y5JOJVCL,Object,ServicePrice,,,,,,,,,,,,,,,,,,,"['Unlimited websites', 'Unmetered storage', 'Unmetered bandwidth*', 'Unlimited MySQL databases (1GB each)', 'Unlimited MSSQL databases (200MB each)', 'Unlimited FTP users']",ISPConfig,['Une base de donnée MYSQL illimité d 1GB chacune'],,,,,,,,,
106,Storage Bussiness 1 month,2019-07-22T14:54:44.353Z,2019-07-30T09:26:27.981Z,7.0,"{'__type': 'Pointer', 'className': 'BillingPackage', 'objectId': 'gnRlR0IY6Q'}",EUR,"{'__type': 'Pointer', 'className': 'BillingType', 'objectId': 'UynyzGHXur'}",,1,1TB,900Gi,,,,,,{'*': {'read': True}},SEkYlC1vXs,Object,ServicePrice,,,,,,,,,,,,,,,,,,,"['HA (Replication)', 'Encryption+', 'Backup & Restore', 'Storage consolidation (share the storage) ', 'Monitoring', 'Resizing', 'Incremental', 'Differential', 'External backup (different data centre)']",,,,,,,,,,,
107,Storage Standard 1 month,2019-07-22T15:09:48.044Z,2019-08-01T10:39:24.502Z,3.0,"{'__type': 'Pointer', 'className': 'BillingPackage', 'objectId': 'RCQcuAEcAY'}",EUR,"{'__type': 'Pointer', 'className': 'BillingType', 'objectId': 'UynyzGHXur'}",,1,1TB,900Gi,,,,,,{'*': {'read': True}},5q6NZa08kk,Object,ServicePrice,,,,,,,,,,,,,,,,,,,"['HA (Replication)', 'Encryption+', 'Backup & Restore', 'Storage consolidation (share the storage) ', 'Monitoring', 'Resizing']",,,,,,,,,,,
108,Storage Free,2019-07-22T16:18:26.702Z,2019-08-01T10:39:21.704Z,0.0,"{'__type': 'Pointer', 'className': 'BillingPackage', 'objectId': 'KebmybdPts'}",EUR,"{'__type': 'Pointer', 'className': 'BillingType', 'objectId': 'UynyzGHXur'}",0.0,free,100GB,100Gi,,,,,,{'*': {'read': True}},FxgqQpisjq,Object,ServicePrice,,,,,,,,,,,,,,0.0,,,,,['HA (Replication)'],,,,,,,,,,,
109,Security Free,2019-07-22T16:41:11.504Z,2019-07-30T09:12:25.470Z,0.0,"{'__type': 'Pointer', 'className': 'BillingPackage', 'objectId': 'KebmybdPts'}",EUR,"{'__type': 'Pointer', 'className': 'BillingType', 'objectId': 'UynyzGHXur'}",,free,,,,,,,,{'*': {'read': True}},SbA5kZduF0,Object,ServicePrice,,,,,,,,,,,,,,,,,,,"['Access via public networks', 'Local authentication for your apps', 'Two factors authentication (passwd + code_sent_by_known_email)', 'Encrypted communication using (HTTPS/SSL)', 'Data flow control: no communication with other app (Standalone Applications)', 'Strict isolation']",,,,,,,,,,,
110,Security Standard,2019-07-30T09:08:40.283Z,2019-07-30T09:21:28.187Z,5.0,"{'__type': 'Pointer', 'className': 'BillingPackage', 'objectId': 'RCQcuAEcAY'}",EUR,"{'__type': 'Pointer', 'className': 'BillingType', 'objectId': 'UynyzGHXur'}",,1,,,,,,,,{'*': {'read': True}},lHgYedLRzi,Object,ServicePrice,,,,,,,,,,,,,,,,,,,"['Access via public networks', 'Local authentication for your apps', 'Two factors authentication (passwd + code_sent_by_known_email)', 'Encrypted communication using (HTTPS/SSL)', 'Data flow control: no communication with other app (Standalone Applications)', 'Strict isolation', 'Remote access VPN', 'Access restricted to VPN user or specific IP ranges', 'Centralized authentications where supported', 'Two or more factor authentication', 'Data flow control, possibility to restrict (in/out) bound communications', 'Integration with others app']",,,,,,,,,,,
111,Security  Business,2019-07-30T09:09:21.747Z,2019-07-30T09:26:23.834Z,11.0,"{'__type': 'Pointer', 'className': 'BillingPackage', 'objectId': 'gnRlR0IY6Q'}",EUR,"{'__type': 'Pointer', 'className': 'BillingType', 'objectId': 'UynyzGHXur'}",,1,,,,,,,,{'*': {'read': True}},ErJrrENwT5,Object,ServicePrice,,,,,,,,,,,,,,,,,,,"['Access via public networks', 'Local authentication for your apps', 'Two factors authentication (passwd + code_sent_by_known_email)', 'Encrypted communication using (HTTPS/SSL)', 'Data flow control: no communication with other app (Standalone Applications)', 'Strict isolation', 'Remote access VPN', 'Access restricted to VPN user or specific IP ranges', 'Centralized authentications where supported', 'Two or more factor authentication', 'Data flow control possibility to restrict (in/out) bound communications', 'Integration with others app', 'IPSec VPN to Legacy', 'Accounting (History of actions who (user) did what (CRUD) on what (data) and when (date &time)) ', 'Customized SSL Certificate', 'Fixed IP address range']",,,,,,,,,,,
112,CPU Free,2019-07-30T09:12:13.976Z,2020-04-05T10:15:29.322Z,0.0,"{'__type': 'Pointer', 'className': 'BillingPackage', 'objectId': 'KebmybdPts'}",EUR,"{'__type': 'Pointer', 'className': 'BillingType', 'objectId': 'UynyzGHXur'}",,free,,,,,,,,{'*': {'read': True}},cBwcAGCTUI,Object,ServicePrice,,,,,,,,,,,,,,,,,Up to 1c/2t,1,,,,,,,,,,,,
113,CPU Standard,2019-07-30T09:12:54.772Z,2019-07-30T10:08:41.159Z,25.0,"{'__type': 'Pointer', 'className': 'BillingPackage', 'objectId': 'RCQcuAEcAY'}",EUR,"{'__type': 'Pointer', 'className': 'BillingType', 'objectId': 'UynyzGHXur'}",,1,,,,,,,,{'*': {'read': True}},oFsx0GckLE,Object,ServicePrice,,,,,,,,,,,,,,,,,Up to 2c/4t - Up to 2.1 GHz,2,[],,,,,,,,,,,
114,CPU Business,2019-07-30T09:13:11.778Z,2019-07-30T10:03:14.533Z,45.0,"{'__type': 'Pointer', 'className': 'BillingPackage', 'objectId': 'gnRlR0IY6Q'}",EUR,"{'__type': 'Pointer', 'className': 'BillingType', 'objectId': 'UynyzGHXur'}",,1,,,,,,,,{'*': {'read': True}},3t7OYmLaCj,Object,ServicePrice,,,,,,,,,,,,,,,,,Up to 4c/8t - Up to 3.1GHz,4,"['Unrestricted CPU', 'Multiple thread', 'HA – External data centre']",,,,,,,,,,,
115,RAM free,2019-07-30T09:42:12.369Z,2019-07-30T10:22:25.052Z,0.0,"{'__type': 'Pointer', 'className': 'BillingPackage', 'objectId': 'KebmybdPts'}",EUR,"{'__type': 'Pointer', 'className': 'BillingType', 'objectId': 'UynyzGHXur'}",,free,,,,,,,,{'*': {'read': True}},5BOsPpjFjy,Object,ServicePrice,,2GB,,2G,,,,,,,,,,,,,,,,,,,,,,,,,,
116,RAM Standard,2019-07-30T09:42:19.966Z,2019-08-14T08:22:22.757Z,15.0,"{'__type': 'Pointer', 'className': 'BillingPackage', 'objectId': 'RCQcuAEcAY'}",EUR,"{'__type': 'Pointer', 'className': 'BillingType', 'objectId': 'UynyzGHXur'}",,1,,,,,,,,{'*': {'read': True}},jrwR0qfdPn,Object,ServicePrice,,8GB,,8G,,,,,,,,,,,,,,,[],,,,,,,,,,,
117,RAM Business,2019-07-30T09:42:26.270Z,2019-08-14T08:23:36.019Z,25.0,"{'__type': 'Pointer', 'className': 'BillingPackage', 'objectId': 'gnRlR0IY6Q'}",EUR,"{'__type': 'Pointer', 'className': 'BillingType', 'objectId': 'UynyzGHXur'}",,1,,,,,,,,{'*': {'read': True}},A6ZxvxRzdx,Object,ServicePrice,,16GB,,16G,,,,,,,,,,,,,,,[],,,,,,,,,,,
118,Professional Service Free,2019-07-30T10:00:42.657Z,2019-07-30T11:22:36.827Z,0.0,"{'__type': 'Pointer', 'className': 'BillingPackage', 'objectId': 'KebmybdPts'}",EUR,"{'__type': 'Pointer', 'className': 'BillingType', 'objectId': 'UynyzGHXur'}",,free,,,,,,,,{'*': {'read': True}},35L47HpO9D,Object,ServicePrice,,,,,,,,,,,,,,,,,,,"['Logo', 'Company nom', 'Company branding']",,,,,,,,,,,
119,Professional Service Standard,2019-07-30T10:08:31.238Z,2019-07-30T11:22:45.464Z,1.0,"{'__type': 'Pointer', 'className': 'BillingPackage', 'objectId': 'RCQcuAEcAY'}",EUR,"{'__type': 'Pointer', 'className': 'BillingType', 'objectId': 'UynyzGHXur'}",,1,,,,,,,,{'*': {'read': True}},a1dqUq1esm,Object,ServicePrice,,,,,,,,,,,,,,,,,,,"['Logo', 'Company nom', 'Company branding', 'Country specific information such as chart of account', 'Customized reporttemplates (invoice, quote, receipt) to choose from', 'Additional customization – no programming required or no more than 4hr', 'Support for template integration']",,,,,,,,,,,
120,Professional Service Business,2019-07-30T10:13:40.879Z,2019-07-30T11:27:51.001Z,2.0,"{'__type': 'Pointer', 'className': 'BillingPackage', 'objectId': 'gnRlR0IY6Q'}",EUR,"{'__type': 'Pointer', 'className': 'BillingType', 'objectId': 'UynyzGHXur'}",,1,,,,,,,,{'*': {'read': True}},eZYbG1nBok,Object,ServicePrice,,,,,,,,,,,,,,,,,,,"['Logo', 'Company nom', 'Company branding', 'Country specific information such as chart of account', 'Customized reporttemplates (invoice, quote, receipt) to choose from', 'Additional customization – no programming required or no more than 4hr', 'Support for template integration', 'All customization']",,,,,,,,,,,
121,Support SLA Free,2019-07-30T10:21:57.680Z,2019-07-30T11:38:28.091Z,0.0,"{'__type': 'Pointer', 'className': 'BillingPackage', 'objectId': 'KebmybdPts'}",EUR,"{'__type': 'Pointer', 'className': 'BillingType', 'objectId': 'UynyzGHXur'}",,free,,,,,,,,{'*': {'read': True}},DsE1h0Zgy4,Object,ServicePrice,,,,,,,,,,,,,,,,,,,"['Email only via support tools', 'No committed response and time']",,,,,,,,,,,
122,Support SLA Standard,2019-07-30T10:29:18.483Z,2020-04-05T10:21:47.840Z,5.0,"{'__type': 'Pointer', 'className': 'BillingPackage', 'objectId': 'RCQcuAEcAY'}",EUR,"{'__type': 'Pointer', 'className': 'BillingType', 'objectId': 'UynyzGHXur'}",,1,,,,,,,,{'*': {'read': True}},J9gfYfHGRZ,Object,ServicePrice,,,,,,,,,,,,,,,,,,,"['Email, Phone, Chat, Remote control', 'First response/contact within 1H', 'We drive to conclusion before they are closed', 'Involve subject matter expert']",,,,,,,,,,,
123,Support SLA Business,2019-07-30T10:35:55.176Z,2020-04-05T10:42:49.518Z,8.0,"{'__type': 'Pointer', 'className': 'BillingPackage', 'objectId': 'gnRlR0IY6Q'}",EUR,"{'__type': 'Pointer', 'className': 'BillingType', 'objectId': 'UynyzGHXur'}",,1,,,,,,,,{'*': {'read': True}},bon7nGkrLO,Object,ServicePrice,,,,,,,,,,,,,,,,,,,"['Email, Phone, Chat, Remote control', 'First response/contact within 1H', 'We drive to conclusion before they are closed', 'Involve subject matter expert', 'First response/contact within 30min']",,,,,,,,,,,
124,Video conference free package,2020-04-05T10:01:05.593Z,2020-04-16T09:24:57.370Z,0.0,"{'__type': 'Pointer', 'className': 'BillingPackage', 'objectId': 'KebmybdPts'}",EUR,"{'__type': 'Pointer', 'className': 'BillingType', 'objectId': 'UynyzGHXur'}",,free,,,,,,,,{'*': {'read': True}},bE2EnY4Ehv,Object,ServicePrice,,,,,,,,,,10.0,,,,,,,,,"['30 minutes per meeting.', 'One ongoing meeting.', 'Unlimited number of meeting.', '10 attendees per meeting.', '10 meetings per week.']",,,1.0,10.0,-1.0,False,30.0,,,,
125,Video conference Entry price standard package,2020-04-05T10:20:36.928Z,2020-04-14T20:32:00.874Z,35.88,"{'__type': 'Pointer', 'className': 'BillingPackage', 'objectId': 'RCQcuAEcAY'}",EUR,"{'__type': 'Pointer', 'className': 'BillingType', 'objectId': 'UynyzGHXur'}",,12,,,,,,,,{'*': {'read': True}},tpYCuEVZvx,Object,ServicePrice,,,,,,,,,,-1.0,,,,,,,,,"['Invite as much as you can.', 'Unlimited meeting time.', 'Unlimited attendees.', 'Host one concurrent meeting.', 'Integration with other ACESY solutions*.']",,,2.0,-1.0,-1.0,True,-1.0,True,59.88,,
126,Video conference 1 month  standard package,2020-04-05T10:30:44.204Z,2020-04-05T13:22:30.973Z,7.99,"{'__type': 'Pointer', 'className': 'BillingPackage', 'objectId': 'RCQcuAEcAY'}",EUR,"{'__type': 'Pointer', 'className': 'BillingType', 'objectId': 'UynyzGHXur'}",,1,,,,,,,,{'*': {'read': True}},J6wNR8CzpS,Object,ServicePrice,,,,,,,,,,-1.0,,,,,,,,,"['Invite as much as you can.', 'Unlimited meeting time.', 'Unlimited attendees.', 'Host one concurrent meeting.', 'Integration with other ACESY solutions*.']",,,2.0,-1.0,-1.0,True,-1.0,False,,,
127,Video conference 4 month(s)  standard package,2020-04-05T10:31:36.984Z,2020-04-05T13:22:30.973Z,27.56,"{'__type': 'Pointer', 'className': 'BillingPackage', 'objectId': 'RCQcuAEcAY'}",EUR,"{'__type': 'Pointer', 'className': 'BillingType', 'objectId': 'UynyzGHXur'}",,4,,,,,,,,{'*': {'read': True}},upofTAi5tf,Object,ServicePrice,,,,,,,,,,-1.0,,,,,,,,,"['Invite as much as you can.', 'Unlimited meeting time.', 'Unlimited attendees.', 'Host one concurrent meeting.', 'Integration with other ACESY solutions*.']",,,2.0,-1.0,-1.0,True,-1.0,False,,,
128,Video conference 12 month(s)  standard package,2020-04-05T10:35:41.883Z,2020-04-05T13:22:31.195Z,59.88,"{'__type': 'Pointer', 'className': 'BillingPackage', 'objectId': 'RCQcuAEcAY'}",EUR,"{'__type': 'Pointer', 'className': 'BillingType', 'objectId': 'UynyzGHXur'}",,12,,,,,,,,{'*': {'read': True}},nXZXr75CQ8,Object,ServicePrice,,,,,,,,,,-1.0,,,,,,,,,"['Invite as much as you can.', 'Unlimited meeting time.', 'Unlimited attendees.', 'Host one concurrent meeting.', 'Integration with other ACESY solutions*.']",,,2.0,-1.0,-1.0,True,-1.0,False,,,
129,Video conference Entry price Business package,2020-04-05T10:39:10.678Z,2020-08-18T13:21:27.718Z,59.88,"{'__type': 'Pointer', 'className': 'BillingPackage', 'objectId': 'gnRlR0IY6Q'}",EUR,"{'__type': 'Pointer', 'className': 'BillingType', 'objectId': 'UynyzGHXur'}",,12,,,,,,,,{'*': {'read': True}},yqEME0AXcw,Object,ServicePrice,,,,,,,,,,-1.0,,,,,,,,,"['Use your own brand URL.', 'Company Logo and brand identity.', 'Meeting Name.', 'Invitation email.', 'Integration with others solutions.*', 'Host 3 concurrent meetings.']",,,3.0,-1.0,-1.0,True,-1.0,True,119.88,True,True
130,Video conference 1 month Business package,2020-04-05T10:48:05.989Z,2020-08-18T13:21:25.029Z,13.49,"{'__type': 'Pointer', 'className': 'BillingPackage', 'objectId': 'gnRlR0IY6Q'}",EUR,"{'__type': 'Pointer', 'className': 'BillingType', 'objectId': 'UynyzGHXur'}",,1,,,,,,,,{'*': {'read': True}},uSIrjwRD25,Object,ServicePrice,,,,,,,,,,-1.0,,,,,,,,,"['Use your own brand URL.', 'Company Logo and brand identity.', 'Meeting Name.', 'Invitation email.', 'Integration with others solutions.*', 'Host 3 concurrent meetings.']",,,3.0,-1.0,-1.0,True,-1.0,False,,True,True
131,Video conference 4 months Business package,2020-04-05T10:54:13.613Z,2020-08-18T13:21:21.540Z,47.96,"{'__type': 'Pointer', 'className': 'BillingPackage', 'objectId': 'gnRlR0IY6Q'}",EUR,"{'__type': 'Pointer', 'className': 'BillingType', 'objectId': 'UynyzGHXur'}",,4,,,,,,,,{'*': {'read': True}},UJOSbv0kDh,Object,ServicePrice,,,,,,,,,,-1.0,,,,,,,,,"['Use your own brand URL.', 'Company Logo and brand identity.', 'Meeting Name.', 'Invitation email.', 'Integration with others solutions.*', 'Host 3 concurrent meetings.']",,,3.0,-1.0,-1.0,True,-1.0,False,,True,True
132,Video conference 12 months Business package,2020-04-05T10:56:14.224Z,2020-09-30T10:46:31.499Z,119.88,"{'__type': 'Pointer', 'className': 'BillingPackage', 'objectId': 'gnRlR0IY6Q'}",EUR,"{'__type': 'Pointer', 'className': 'BillingType', 'objectId': 'UynyzGHXur'}",,12,,,,,,,,{'*': {'read': True}},XF0D0kxec3,Object,ServicePrice,,,,,,,,,,-1.0,,,,,,,,,"['Use your own brand URL.', 'Company Logo and brand identity.', 'Meeting Name.', 'Invitation email.', 'Integration with others solutions.*', 'Host 3 concurrent meetings.']",,,3.0,-1.0,-1.0,True,-1.0,False,,True,True
